# Conjunto-semente para o teste de recall (protocolo, §5).
# Preencher com 25 trabalhos reconhecidamente pertinentes, cobrindo as três tradições
# (anglófona, ibérica, latino-americana) e as duas gerações da teoria do federalismo fiscal.
# Regra: o trabalho entra aqui por ser conhecido da equipe ANTES da busca — nunca depois de vê-lo no resultado.
# Preencher doi sempre que houver; a verificação do recall é feita por doi e, na falta dele, por título normalizado.
n,autor_ano,titulo,doi,tradicao,geracao,recuperado_scopus,recuperado_wos,recuperado_scielo
1,,,,,,,,
2,,,,,,,,
3,,,,,,,,
4,,,,,,,,
5,,,,,,,,
6,,,,,,,,
7,,,,,,,,
8,,,,,,,,
9,,,,,,,,
10,,,,,,,,
11,,,,,,,,
12,,,,,,,,
13,,,,,,,,
14,,,,,,,,
15,,,,,,,,
16,,,,,,,,
17,,,,,,,,
18,,,,,,,,
19,,,,,,,,
20,,,,,,,,
21,,,,,,,,
22,,,,,,,,
23,,,,,,,,
24,,,,,,,,
25,,,,,,,,
